prc_energy_h_1,prc_energy_h_2,prc_energy_h_3,ridge_energy_h_1,ridge_energy_h_2,ridge_energy_h_3,lasso_energy_h_1,lasso_energy_h_2,lasso_energy_h_3,xgb_energy_h_1,xgb_energy_h_2,xgb_energy_h_3,cb_ridge_lasso_energy_h_1,cb_ridge_lasso_energy_h_2,cb_ridge_lasso_energy_h_3,cb_ridge_pcr_energy_h_1,cb_ridge_pcr_energy_h_2,cb_ridge_pcr_energy_h_3,cb_ridge_prc_lasso_energy_h_1,cb_ridge_prc_lasso_energy_h_2,cb_ridge_prc_lasso_energy_h_3,ar_1_energy_h_1,ar_1_energy_h_2,ar_1_energy_h_3,xgb_pca_energy_h_1,xgb_pca_energy_h_2,xgb_pca_energy_h_3
-4.155892099552304,-3.5019138713654185,-5.420583293081252,-7.05271865140415,-9.44463854641224,-11.107263981481802,-7.1200805767521915,-7.807005636861117,-7.617961007690813,-5.945118,-7.011832,-6.1201973,-7.086399614078171,-8.625822091636678,-9.362612494586308,-7.05271865140415,-9.44463854641224,-11.107263981481802,-6.109563775902881,-6.917852684879591,-8.048602760751288,-5.961139635212413,-6.310830552677102,-6.639044318953699,-6.1047997,-6.226882,-6.193914
-5.274628222576668,-3.676027080727012,-3.29508949440077,-6.086977360389623,-7.613480407902436,-9.434697184769137,-6.200785404651291,-6.835527411165993,-6.75932033126485,-4.5602393,-6.87469,-6.362812,-6.143881382520457,-7.2245039095342145,-8.097008758016994,-6.086977360389623,-7.613480407902436,-9.434697184769137,-5.854130329205861,-6.041678299931814,-6.496369003478253,-5.2074980189922915,-5.366311965400142,-5.707176735965856,-4.193218,-5.342348,-6.1414876
-9.317182096147848,-5.994367130307,-4.609864396766106,-9.362514947464565,-7.602129487895248,-8.593869481762871,-9.427426092614173,-6.70662638078012,-5.992973711674845,-7.770143,-6.5277762,-6.6664596,-9.394970520039369,-7.154377934337685,-7.293421596718858,-9.362514947464565,-7.602129487895248,-8.593869481762871,-9.369041045408862,-6.767707666327456,-6.39890253006794,-7.912791410847443,-4.662483823666085,-4.823587450851702,-6.805299,-5.0734777,-6.0465093
-8.468858952186944,-8.855103927855001,-5.451154649798892,-9.833325933484735,-10.145078010918969,-8.555991073756083,-9.84219151432967,-9.262292402576737,-5.736625417607445,-7.600028,-6.6178584,-5.265188,-9.837758723907204,-9.703685206747853,-7.146308245681764,-9.833325933484735,-10.145078010918969,-8.555991073756083,-9.38145880000045,-9.420824780450236,-6.58125704705414,-8.264859975594286,-7.188965349971162,-4.1651620763009065,-6.9197025,-6.2279572,-5.9460764
-9.321860910637206,-9.309775127864029,-9.153042848834753,-9.526170764113758,-10.510029167380797,-10.62316270530374,-9.548430205360985,-9.67332935905194,-8.66857456196004,-7.8807526,-7.052767,-7.219747,-9.537300484737372,-10.091679263216369,-9.64586863363189,-9.526170764113758,-10.510029167380797,-10.62316270530374,-9.46548729337065,-9.831044551432257,-9.481593372032846,-7.854950972246904,-7.5177632273118045,-6.528664537504908,-7.0177183,-6.3217688,-6.634685
-7.62843068450356,-9.368512683550504,-9.296885831539177,-8.21774290908153,-10.331291162556203,-10.872503465130766,-8.296933558406941,-9.763641345127354,-9.131132245185194,-6.644926,-7.323027,-7.249173,-8.257338233744235,-10.04746625384178,-10.00181785515798,-8.21774290908153,-10.331291162556203,-10.872503465130766,-8.047702383997343,-9.82114839707802,-9.766840513951712,-7.4121779220137745,-7.134947992727172,-6.83625221793801,-6.762814,-6.3275557,-6.674622
-6.05727405753078,-7.4616671884139,-9.220078528321444,-6.399442379720439,-8.379168503528714,-10.506806117116795,-6.475530840803849,-8.184081452772233,-8.942628919836404,-4.2081265,-6.8068237,-6.6217504,-6.437486610262144,-8.281624978150473,-9.7247175184766,-6.399442379720439,-8.379168503528714,-10.506806117116795,-6.310749092685022,-8.00830571490495,-9.556504521758214,-5.889634252804629,-6.721440927235605,-6.478131748935256,-3.8080153,-6.2898364,-6.598123
-6.921004835789121,-5.7869496192955365,-7.207843668650252,-6.936049150179171,-6.594031931665096,-8.57009706383553,-7.0326096296515335,-6.47063625830554,-7.474167633496983,-4.1874537,-3.032904,-6.666038,-6.984329389915352,-6.532334094985318,-8.022132348666256,-6.936049150179171,-6.594031931665096,-8.57009706383553,-6.963221205206608,-6.283872603088724,-7.750702788660921,-6.472289059034028,-5.299532876585394,-6.091299327309012,-4.0898223,-2.676462,-6.5997205
-4.396439925593512,-5.288580038251019,-4.134194979306199,-6.430548811170171,-6.738766970492691,-6.667015714819977,-6.439551560409768,-6.68260569296819,-5.764882204076228,-4.3184533,-3.7877407,-2.793251,-6.43505018578997,-6.71068633173044,-6.215948959448102,-6.430548811170171,-6.738766970492691,-6.667015714819977,-5.75551343239115,-6.236650900570633,-5.522030966067469,-5.387961981785843,-5.843675929085136,-4.7611161685061525,-4.158128,-3.1561017,-2.8082938
-2.510862929133418,-3.998304706149036,-4.692119033592713,-3.2087731708773437,-6.339477856427966,-6.534821058458146,-3.3993553552325686,-6.3580209899795594,-5.931795983877952,-2.6373358,-3.804604,-3.4909315,-3.304064263054956,-6.348749423203763,-6.233308521168048,-3.2087731708773437,-6.339477856427966,-6.534821058458146,-3.0396638184144433,-5.565267850852187,-5.71957869197627,-3.189591130530034,-4.831019654025339,-5.270157469794062,-3.0019388,-2.8027143,-3.6040695
-0.7833854986622759,-2.26378247740511,-4.282583850535984,-0.7909589832961131,-2.678135932313145,-6.050794751970563,-0.9274918768641608,-2.9936889945116376,-5.652402862302296,0.6016047,-3.1722522,-3.3135397,-0.859225430080137,-2.8359124634123916,-5.85159880713643,-0.7909589832961131,-2.678135932313145,-6.050794751970563,-0.83394545294085,-2.645202468076631,-5.328593821602947,-1.1881405587430036,-2.7779545926211777,-4.322825944295903,0.21640635,-2.8607264,-2.5904775
-2.1106958764518735,-0.61071910965663,-2.060381741008052,-2.116630821795232,-0.5049633478562201,-2.3592169392575393,-2.311473592560684,-0.729996156729234,-2.446271702238998,-1.6863153,-0.34791115,-3.2713058,-2.214052207177958,-0.6174797522927271,-2.4027443207482686,-2.116630821795232,-0.5049633478562201,-2.3592169392575393,-2.17960009693593,-0.6152262047473614,-2.288623460834863,-2.248447967759556,-0.9087939645515204,-2.4022006497435844,-1.8478973,-0.8020468,-1.7375015
2.6402213074847367,-2.512485134512805,-1.0566307311028489,3.495238943144589,-1.1988948643836066,0.2007902755630184,3.5051976711678714,-1.5449741561230284,-0.0614222984829494,4.328558,-2.3404582,0.40210527,3.5002183071562305,-1.3719345102533174,0.0696839885400344,3.495238943144589,-1.1988948643836066,0.2007902755630184,3.2135526405990653,-1.7521180516731467,-0.3057542513409266,2.44748125814117,-1.8990182001741516,-0.6536164234859972,5.023367,-1.6669111,1.2960694
9.00137569744165,4.529218036901839,-0.2652168515977529,8.688782819437517,4.0677484796968635,-0.2765577056713004,8.655531144238289,3.953258612757853,-0.7142772154463377,7.7652655,5.758975,-0.69368786,8.672156981837903,4.010503546227358,-0.4954174605588191,8.688782819437517,4.0677484796968635,-0.2765577056713004,8.781896553705819,4.183408376452185,-0.4186839242384637,5.759272198240535,2.4865240385323295,-1.579962962603866,6.530166,1.950219,-0.54740405
9.947959105088373,11.155689500511391,6.2980093494692175,10.278025429437642,9.492456640171651,4.779549596750971,10.107643517600064,9.229664431702943,4.674136639963347,8.079374,10.17198,3.1990955,10.192834473518854,9.361060535937298,4.726843118357159,10.278025429437642,9.492456640171651,4.779549596750971,10.111209350708693,9.959270190795328,5.250565195394512,6.944050002115253,5.579415424855419,2.5226753377267146,8.459507,8.435436,3.216353
7.305611317537663,11.875910729052084,12.403957607242996,6.999312991339741,11.009854973440982,10.021863875229249,6.6364206102457475,10.556717730010991,9.757656616854188,5.9752655,5.3689423,2.2273567,6.8178668007927445,10.783286351725987,9.889760246041718,6.999312991339741,11.009854973440982,10.021863875229249,6.980448306374384,11.147494477501354,10.727826033108812,5.047208770659281,6.685882931587882,5.416049513512624,6.1301003,4.6281943,2.096479
6.855998132804142,9.066018128158458,13.408710843410809,6.554510940477687,8.177570567465594,11.519740826873978,6.464238188087645,7.5214854388149135,11.04676512754757,5.597412,3.947538,4.550933,6.509374564282666,7.849528003140254,11.283252977210774,6.554510940477687,8.177570567465594,11.519740826873978,6.624915753789825,8.255024711479654,11.991738932610788,4.899514295982398,4.914417276869762,6.451140666238767,4.789725,5.167021,4.335237
2.48579127588745,7.401733355012892,9.92553387491854,2.403859868529963,7.26520548162036,8.30723900697579,2.326463676714458,7.16548307194685,7.684687394348974,4.334995,5.351512,3.5155802,2.3651617726222103,7.215344276783606,7.995963200662382,2.403859868529963,7.26520548162036,8.30723900697579,2.405371607043957,7.2774739695267,8.639153425414433,2.050438974010149,4.776484968702405,4.7939492752580355,4.155645,6.348514,3.6134644
1.156841359432368,3.4836669491480468,8.433444873189085,-0.1698827518049127,3.0196601354702244,7.248443043002609,-0.2135907500779974,2.9530264776588,7.177439459885225,0.44828248,2.9888644,7.743072,-0.191736750941455,2.986343306564512,7.212941251443917,-0.1698827518049127,3.0196601354702244,7.248443043002609,0.2577892858498193,3.152117854092357,7.61977579202564,0.0664657309562601,2.115725071204387,4.664914747817865,0.99297285,1.5664428,6.161192
2.0590475390523633,2.1531194831340903,4.635445374366805,0.7157759654312839,0.5848408950359648,3.1502631479946466,0.7807954489536917,0.4607394919700622,3.333567635604747,2.406923,2.2605865,2.7822018,0.7482857071924878,0.5227901935030135,3.241915391799697,0.7157759654312839,0.5848408950359648,3.1502631479946466,1.1852063178124463,1.0662332900467058,3.706425385988733,0.9577376931038308,0.2628865723006033,2.175795986832277,1.7813272,1.9266155,3.1289673
2.507077822934408,1.9211596043246992,2.1624767518331582,2.4112362028449823,1.346869149178544,0.815187808189884,2.4359345858112116,1.4745052839405837,1.0123309706785564,2.522345,2.4298007,2.3350954,2.423585394328097,1.410687216559564,0.9137593894342202,2.4112362028449823,1.346869149178544,0.815187808189884,2.4514162038635336,1.5808446791479422,1.3299985102338665,2.1644360030965535,1.09524810249876,0.4424809766975756,2.7155995,2.7862384,3.1816967
2.6951476741132137,2.1771939478218014,1.610442893092802,2.294561706249365,2.9727957292540723,1.6757525790125931,2.4301132316666707,3.105494220378363,1.9904318322405397,3.4656985,2.445519,3.2781467,2.362337468958018,3.039144974816218,1.8330922056265664,2.294561706249365,2.9727957292540723,1.6757525790125931,2.4732742040097495,2.751827965818079,1.7588757681153115,2.747982438938956,2.222187234941445,1.2211482674542935,3.2472496,2.0133407,2.5092545
3.3146487802236084,4.481273839649317,4.317243217855568,0.7950696028040134,2.1275208645192345,3.141074315176306,0.8561314580047796,2.3892207975183113,3.512253802831419,1.7069608,1.8042873,2.2108965,0.8256005304043965,2.258370831018773,3.3266640590038623,0.7950696028040134,2.1275208645192345,3.141074315176306,1.6552832803441335,2.999338500562288,3.65685711195443,1.3407568455659835,2.767162982982581,2.2753904558192053,2.8048987,1.4357816,3.3272698
3.3952488496016247,2.7336385630891704,3.999204054367911,3.781048428808114,1.2713452988920824,2.1394700082491767,3.858172981732912,1.4367618247517169,2.778697129475197,3.870342,2.3842425,3.0985801,3.819610705270513,1.3540535618218996,2.459083568862187,3.781048428808114,1.2713452988920824,2.1394700082491767,3.678156753380884,1.81391522891099,2.9724570640307615,3.6313095391347847,1.4529508255490926,2.785210736862567,3.9071734,2.765124,3.2766454
-0.0391800742326307,1.768497573251254,1.1214213055398947,1.122375041643249,3.8083304765216224,1.1940277397177828,1.1814512298569828,3.9989932839587783,1.7135550012520462,2.031902,1.7381053,2.3789628,1.151913135750116,3.9036618802402,1.4537913704849146,1.122375041643249,3.8083304765216224,1.1940277397177828,0.7548820657558671,3.1919404445772184,1.3430013488365746,1.3274588435793768,3.592104783028528,1.5557761907169103,1.9930135,2.873426,2.4418232
-0.2490651349065742,-1.265622071217864,0.7765435118270976,0.2639475005039249,1.2812790854696676,3.707198992311675,0.4956443428001751,1.456457282223272,4.198074900512288,1.3153389,2.1818635,2.2816043,0.37979592165205,1.3688681838464698,3.9526369464119817,0.2639475005039249,1.2812790854696676,3.707198992311675,0.1701755694658419,0.4907047654916918,2.8939391348836865,0.8366701991004338,1.4405317820334864,3.5569369317538966,2.081,2.377836,1.8205574
0.9063497400102428,0.5197645902233541,-0.0187094852833138,-0.699236680422118,0.2017011271638634,1.1842224124133205,-0.4289436337004093,0.628516261198031,1.7309689804921429,0.709991,1.1973546,2.4306722,-0.5640901570612636,0.4151086941809472,1.4575956964527317,-0.699236680422118,0.2017011271638634,1.1842224124133205,-0.0739435247040948,0.4499939928617495,0.9654939692073832,0.2603189602425751,0.98218281059492,1.5441582787672978,0.050771207,1.0649611,2.512683
-0.5903979398806705,0.3064869935715428,0.1247211179635883,-0.1961292982047236,-0.7553459585197246,0.0907415983682115,0.1282374553005802,-0.2575802803018195,0.8106160962277013,1.1710347,-0.46509516,1.0728173,-0.0339459214520717,-0.506463119410772,0.4506788472979564,-0.1961292982047236,-0.7553459585197246,0.0907415983682115,-0.2194299275949379,-0.2354797484166671,0.342026270853167,0.5513498371308481,0.4439266783685816,1.1153766269696337,1.4558448,0.21535817,0.9667202
2.5500964778121578,0.6194391931135508,1.454630729238064,0.6568300176968948,-0.3211589778465572,-0.6712859954402992,0.9260112523574058,0.2773752038201851,0.0658529218292674,1.1772577,0.47761852,2.3286974,0.7914206350271502,-0.021891887013186,-0.3027165368055159,0.6568300176968948,-0.3211589778465572,-0.6712859954402992,1.377645915955486,0.1918851396957262,0.2830658852090107,1.3156280122549384,0.7157212778956846,0.6118424906501743,1.4424669,1.683006,1.8487034
6.309850072759106,3.8125162934532857,1.8996816853017953,4.322224514757466,0.5207695717079005,0.0423149172356841,4.622860062742167,1.0440405576407787,0.8140853217778597,4.6251245,2.1777856,1.8419696,4.472542288749817,0.7824050646743397,0.4282001195067719,4.322224514757466,0.5207695717079005,0.0423149172356841,5.084978216752913,1.7924421409339883,0.9186939747717796,5.030202390699352,1.4294829335529422,0.8661040786475109,4.8054266,2.4632719,2.136898
6.806890783716311,6.566266843888524,4.03848982967024,6.351587732307165,3.791656289601067,0.7546778610248022,6.530651038053929,4.361837161370113,1.520163824213761,5.703753,1.8549173,2.891925,6.441119385180547,4.07674672548559,1.1374208426192816,6.351587732307165,3.791656289601067,0.7546778610248022,6.563043184692468,4.906586764953235,2.1044438383029345,6.346324936365364,4.898534968160679,1.533822172880378,5.7334037,2.0076382,2.7766635
6.475013699541609,6.372073287124108,5.795554253360647,6.6881997353086415,6.0293606490616565,3.785883502930889,6.783656146429118,6.503689156716604,4.519175645046824,5.417072,3.457024,2.4609513,6.73592794086888,6.26652490288913,4.152529573988856,6.6881997353086415,6.0293606490616565,3.785883502930889,6.648956527093123,6.301707697634122,4.700204467112786,6.457546225317457,6.1276657190026675,4.779091507515551,6.0299196,3.8168302,3.1203501
6.849337915999703,5.925651478112733,5.719173559841915,7.425475471044019,6.3505454161135475,6.0629227906360725,7.479866027920766,6.756047542131262,6.684602738522934,6.4395113,3.0824666,3.6694598,7.452670749482392,6.553296479122405,6.373762764579503,7.425475471044019,6.3505454161135475,6.0629227906360725,7.251559804988162,6.344081478785848,6.1555663630003075,6.823089254934025,6.231535610791597,5.92893310521175,7.132255,3.1332314,3.8951244
9.187828898970906,8.006642675068626,7.106226597474606,8.049249098275759,7.426910833422818,6.308457995135486,8.188919592039326,7.672403010536466,6.957187886213116,8.723461,8.380877,4.164461,8.119084345157543,7.549656921979642,6.6328229406743,8.049249098275759,7.426910833422818,6.308457995135486,8.475332529761998,7.701985506342637,6.790624159607735,7.514860666505713,6.572917330858024,6.0261025253448794,7.946726,8.121243,4.535006
7.738611912086439,8.118125084703944,7.049656322307806,8.713363865017905,8.103111540271161,7.575614546792554,8.929956168611733,8.366580302379774,7.948951088692141,9.026772,8.18795,7.711658,8.82166001681482,8.234845921325467,7.7622828177423475,8.713363865017905,8.103111540271161,7.575614546792554,8.460643981905358,8.19593897578496,7.524740652597501,8.58736922896404,7.21896470487809,6.345462286018478,8.717403,6.207774,8.17539
10.331494378052966,8.376739241335649,8.744185084895113,8.980260571362248,8.486041881617552,8.235394772249819,9.234571642061598,8.826247173598851,8.566948569237924,8.57618,9.478325,5.2913604,9.107416106711923,8.656144527608202,8.40117167074387,8.980260571362248,8.486041881617552,8.235394772249819,9.515442197158938,8.563009432184018,8.515509475460952,9.049666899204384,8.220583633905534,6.949834232796142,8.718004,7.2034054,4.5406065
4.807826753533254,10.82488572125348,9.099293303390796,3.99510730375875,8.882700777231147,8.333622385249576,4.308704089895505,9.20657597588821,8.795540810606997,5.869303,8.712736,4.4584312,4.151905696827128,9.04463837655968,8.564581597928287,3.99510730375875,8.882700777231147,8.333622385249576,4.370546049062503,9.638054158124278,8.742818833082456,4.951165407693269,8.652324799958937,7.886840412852027,5.799947,6.9151845,4.530128
3.0380588157841997,5.594854580135122,11.200718254058405,1.6231664622249335,4.111121659743997,8.715946234064873,1.8633166616464465,4.43410194306839,9.103107721378567,2.9480534,4.834111,3.4070745,1.74324156193569,4.272611801406193,8.90952697772172,1.6231664622249335,4.111121659743997,8.715946234064873,2.1748473132185264,4.7133593943158365,9.673257403167282,2.6434932856709654,4.824722095198008,8.290730683944824,3.0422435,4.065926,4.1858745
3.553763696982829,3.273171269179737,5.876087221813375,2.7420074289628698,1.9568952948299256,4.259912280897931,2.9431353685592794,2.167832282556446,4.576109568633203,3.3985026,2.8645117,4.4562855,2.8425713987610743,2.062363788693186,4.418010924765567,2.7420074289628698,1.9568952948299256,4.259912280897931,3.079635498168326,2.465966282188703,4.904036357114836,3.2279615857032993,2.669580252685883,4.710040178582641,4.0280256,2.7642744,4.661304
5.334454906082424,4.052040660064806,3.7245921261709056,3.885735946823755,3.136625377950771,2.1968438127565455,4.046568762470267,3.3202543843912955,2.363747984068705,3.7440498,2.950904,2.452461,3.966152354647011,3.2284398811710333,2.280295898412625,3.885735946823755,3.136625377950771,2.1968438127565455,4.4222532051254815,3.5029734741356244,2.761727974332052,4.498900189403434,3.2154169324295228,2.6939229040302597,4.876154,3.0249462,2.429779
3.659128093302935,4.039376827423519,2.774703461089429,4.165043955996721,4.1135631827696155,3.2804909510239697,4.263951035817778,4.21397254987253,3.431278426660866,4.3314953,4.5084944,3.0413232,4.214497495907249,4.163767866321073,3.355884688842418,4.165043955996721,4.1135631827696155,3.2804909510239697,4.029374361705812,4.122304186688555,3.162157612924755,4.808286698834808,4.402350265791351,3.204548579523021,4.059241,3.707654,2.3337858
3.1800925867988328,2.3871638050131287,2.7754955520818676,3.491957109006897,4.098081051821511,4.122835380650361,3.5465185950905305,4.19279388409751,4.237646788457315,3.742886,4.3007574,3.5172842,3.5192378520487138,4.1454374679595105,4.180241084553838,3.491957109006897,4.098081051821511,4.122835380650361,3.406189430298754,3.5593462469773836,3.711992573729848,4.051138550498637,4.691287245018715,4.314914844020695,3.768512,3.8742623,2.9095216
2.2649502774475274,3.191634139321108,2.5642915625012255,1.468056569575491,3.343394121953828,4.0507369297373295,1.5688996748064077,3.401001178469296,4.1338566283939215,2.0225353,2.9763157,3.1712513,1.5184781221909494,3.372197650211562,4.0922967790656255,1.468056569575491,3.343394121953828,4.0507369297373295,1.7673021739431425,3.312009813248077,3.582961706877492,2.4666742201182084,3.984184342536242,4.585212985695791,2.4513547,3.6126127,3.0762725
2.085877502778168,2.2381115507925715,3.319770544455219,1.283322736363503,1.1731383420856172,3.320858180152579,1.4202339380965745,1.3069108986382016,3.3751376144534104,2.402485,0.8936088,2.8341396,1.3517783372300387,1.2400246203619094,3.347997897302995,1.283322736363503,1.1731383420856172,3.320858180152579,1.5964780590794152,1.5727202638387967,3.3385887796870697,2.3767471855283846,2.504448402675625,3.9237240996931426,2.3509777,2.2882729,2.858134
-0.3683281214830955,1.5514988161996546,1.793018833398569,-0.6642200524129748,0.7633278745927196,1.0888661000423072,-0.4740528505566356,0.9628591088461338,1.203243269254283,0.43751758,1.5954933,0.4169649,-0.5691364514848052,0.8630934917194266,1.146054684648295,-0.6642200524129748,0.7633278745927196,1.0888661000423072,-0.5022003414842353,1.092561933212836,1.3617094008983863,0.8047236213497982,2.420465278223905,2.5394434313490546,-0.054026756,1.7919835,1.4946389
-2.497414402103129,-1.3943403636733875,0.5633294373286057,-1.89799959004355,-1.2681491290608182,0.5289485358394854,-1.763018582099321,-0.9810852823584018,0.735800776130314,-1.2473781,-1.2449958,1.4488608,-1.8305090860714357,-1.12461720570961,0.6323746559848997,-1.89799959004355,-1.2681491290608182,0.5289485358394854,-2.0528108580819997,-1.2145249250308692,0.6093595830994684,-1.0018944181950271,0.9523478068357524,2.460877916709596,-1.5852995,-0.7327692,2.308107
-3.931792651206581,-4.14013563313082,-3.1183105561946496,-2.574086091573816,-2.0601502464041532,-1.522051805138527,-2.535911514348596,-1.8511157120508897,-1.1500111440160357,-3.5058942,-1.2450739,-1.8064288,-2.5549988029612063,-1.955632979227521,-1.3360314745772812,-2.574086091573816,-2.0601502464041532,-1.522051805138527,-3.013930085709664,-2.683800530528621,-1.9301245017830704,-1.87966218387397,-0.7348581412294505,1.0874662290187134,-3.1924167,-0.93980384,-1.4565933
-3.183934345317076,-3.0531124929920703,-3.22754333915558,-3.8951196570275792,-2.697188677455021,-2.180126650989234,-3.9072272215238906,-2.5954786435085566,-1.8861056099627571,-6.0020986,-3.5162675,-2.7170177,-3.901173439275735,-2.6463336604817886,-2.0331161304759955,-3.8951196570275792,-2.697188677455021,-2.180126650989234,-3.662093741289515,-2.7819266046518827,-2.4312585333691907,-3.5899510669900634,-1.554608062273383,-0.4909009069730076,-5.4693875,-2.4134605,-2.0159154
1.837751999286885,-1.2341574299653826,-1.139136776158857,-0.439389319478188,-3.9042640557183583,-2.5130534092961505,-0.4124947997315907,-3.8228079431735034,-2.3980377506885544,-0.49508053,-5.7147884,-1.6355804,-0.4259420596048893,-3.863535999445931,-2.4555455799923527,-0.439389319478188,-3.9042640557183583,-2.5130534092961505,0.3286226266923688,-2.987076476285748,-2.0167426453811874,0.2555968610845041,-3.151851925303938,-1.25777014222629,-0.006783955,-6.002864,-1.3222076
3.381284469160352,1.835388173207776,-1.1271296595986098,2.682739084218592,-0.6053480765213911,-3.700048965636291,2.60435033554567,-0.512180191024103,-3.639843825021393,3.1228232,1.5093608,-5.7259,2.643544709882131,-0.558764133772747,-3.669946395328842,2.682739084218592,-0.6053480765213911,-3.700048965636291,2.889457962974871,0.2392866352207606,-2.822340816752098,3.3232235375483934,0.439516695952565,-2.7519784956658215,3.4263453,-0.5426116,-5.3296814
1.080353833669676,2.6701861743993476,0.8687666462105124,1.1422879660455718,2.5183840237424304,-0.5825200781598661,0.9887327731406504,2.486640979069123,-0.4867478136981418,1.5591853,2.789541,-0.04586009,1.0655103695931112,2.5025125014057767,-0.5346339459290039,1.1422879660455718,2.5183840237424304,-0.5825200781598661,1.070458190951966,2.558403725736967,-0.0668337485491651,2.2043562999871877,3.3043823519367024,0.60771698876718,2.2736068,3.7584937,0.09565447
-1.5513220578707592,0.6329650479046621,2.241742417523837,-1.5958036529348412,0.7231850697747824,2.5690218948914847,-1.73068480432738,0.6992439531785313,2.5965497281091827,-0.5784831,1.7698263,4.2201586,-1.6632442286311109,0.7112145114766568,2.582785811500334,-1.5958036529348412,0.7231850697747824,2.5690218948914847,-1.62593683837766,0.6851313569526586,2.469104680174835,-0.5722114262459626,2.259468918666565,3.2877749897611284,-0.85806024,0.5864074,3.3357916
-6.900625832571033,-2.0773779959777805,0.1198567328602429,-5.774029819020939,-1.649034651000911,0.6768563141037973,-5.811836664066057,-1.6661238162869056,0.7131413100317522,-5.9766726,-2.4946756,1.3875954,-5.792933241543498,-1.6575792336439084,0.6949988120677748,-5.774029819020939,-1.649034651000911,0.6768563141037973,-6.162164105219343,-1.7975121544218655,0.5032847856652641,-5.0742642356743515,-0.3335759200126358,2.3102671609621943,-6.09924,-1.2844137,1.7455918
-7.553370596067862,-6.025950569521324,-1.248255160604232,-7.888967419502894,-4.983551982556476,-1.4701176973098826,-7.933016638273763,-4.975560728981971,-1.4886763057835557,-7.1782694,-6.0493493,-2.6309667,-7.910992028888328,-4.9795563557692235,-1.4793970015467193,-7.888967419502894,-4.983551982556476,-1.4701176973098826,-7.791784884614839,-5.3283544270199235,-1.4023497212325566,-7.56773260686318,-4.5380563980693065,-0.1155047255212438,-6.8918433,-6.2852664,-2.6856072
-5.958995451624757,-7.632612642140346,-6.2282574807126165,-6.0742502358259785,-6.5453046588124995,-4.415728336865159,-6.126920883800365,-6.597577770757335,-4.49192777819201,-6.5206647,-5.774193,-4.6901574,-6.1005855598131715,-6.571441214784917,-4.453828057528584,-6.0742502358259785,-6.5453046588124995,-4.415728336865159,-6.0533888570837,-6.925165023903394,-5.045304531923262,-5.408865196707857,-6.866713909007363,-4.048761254217971,-6.424702,-6.247111,-5.6213017
-6.416976422473336,-5.791595201106302,-7.422339190653483,-7.161014892129305,-5.241934518044044,-5.8598567226276,-7.177649280623289,-5.263413343847539,-6.003539043930518,-6.1287208,-5.281819,-5.963158,-7.169332086376297,-5.252673930945791,-5.931697883279059,-7.161014892129305,-5.241934518044044,-5.8598567226276,-6.91854686507531,-5.432314354332628,-6.428578319070534,-5.869834078319877,-4.850541228468929,-6.227200993871419,-6.228881,-6.2284307,-5.629838
-4.8521287735527405,-5.081976147168989,-4.541033912944411,-6.897849119218973,-6.434455244534126,-4.728904532103103,-6.950963014441296,-6.418086328189348,-4.73747193891644,-6.113788,-5.5820274,-6.0012956,-6.924406066830135,-6.426270786361737,-4.733188235509772,-6.897849119218973,-6.434455244534126,-4.728904532103103,-6.233646969071003,-5.9781725732974875,-4.669136794654651,-5.467927707817733,-5.28104143487931,-4.341088214874022,-6.15301,-5.7803307,-5.1574597
-6.645082117976562,-4.399879886233656,-4.59436213187268,-7.710289032452824,-6.45129227833857,-5.9592533117660835,-7.797717330773705,-6.432452124109156,-5.783683812409698,-7.4693284,-5.5648923,-5.8680444,-7.754003181613264,-6.441872201223863,-5.871468562087891,-7.710289032452824,-6.45129227833857,-5.9592533117660835,-7.384362827067697,-5.761208096227127,-5.44576641868282,-6.103845624357061,-4.9056998828557505,-4.743817578538841,-7.12877,-5.8054566,-5.8182354
-4.628720798749287,-4.626993330687797,-2.561002796830718,-7.4724205153106045,-7.338393418559743,-6.118878002353452,-7.563459404494536,-7.353805962813677,-5.796471944740132,-7.075868,-7.063938,-5.7792845,-7.51793995990257,-7.34609969068671,-5.957674973546792,-7.4724205153106045,-7.338393418559743,-6.118878002353452,-6.554866906184809,-6.439730904020405,-4.825450914641434,-6.0130002077085845,-5.4995855121261785,-4.3926886774313765,-6.8979106,-5.9034195,-5.8268347
-8.640011836334217,-5.190724464271455,-5.181390030489323,-8.407404063500868,-7.340534969144219,-6.996907098177398,-8.408681422238764,-7.34827643685007,-6.707670603404501,-7.22966,-6.867354,-7.6350446,-8.408042742869817,-7.344405702997145,-6.852288850790949,-8.407404063500868,-7.340534969144219,-6.996907098177398,-8.485365774024617,-6.626511956755248,-6.295322577357074,-6.8373544706422065,-5.414744707944688,-4.948263745699202,-7.0165887,-5.907043,-6.511659
-7.934566716697867,-11.206342988483348,-7.859680618366522,-6.021303423764969,-8.255545511673462,-7.0000758351509536,-6.088597383597529,-8.109733191406061,-6.707216370548341,-6.414948,-6.502011,-6.257786,-6.054950403681249,-8.182639351539763,-6.853646102849647,-6.021303423764969,-8.255545511673462,-7.0000758351509536,-6.681489174686789,-9.19054056385429,-7.188990941355272,-5.478801097455186,-6.1846116002762495,-4.868895878803797,-5.9833503,-5.885525,-6.0848293
-1.6348194330470989,-8.202783455615911,-11.174215825283726,-2.043872602518281,-5.787238276728228,-7.747367145822441,-2.206706671789098,-5.565341781476736,-7.323177889540508,-1.1397887,-5.572227,-5.6847825,-2.1252896371536893,-5.676290029102482,-7.535272517681475,-2.043872602518281,-5.787238276728228,-7.747367145822441,-1.9617995691181591,-6.518454504606958,-8.748253620215559,-1.9030461721477057,-4.91585457370372,-5.589099955453516,-2.175355,-4.686751,-5.890028
0.7749646898665519,-1.4012246578919592,-7.396791098174829,0.9949143687262652,-2.1690171176815207,-5.24860389381395,0.9220424655503308,-2.0986241027710726,-4.799654453521918,1.941717,-3.7437432,-4.892731,0.958478417138298,-2.1338206102262967,-5.024129173667934,0.9949143687262652,-2.1690171176815207,-5.24860389381395,0.8973071747143826,-1.889621959448184,-5.815016481836899,0.3460040868153445,-1.5764464383115595,-4.402188306287575,1.8848107,-2.9901288,-5.779348
7.337052172554889,2.907214486026145,0.5760115404403081,5.820577170578755,1.1996786936126342,-1.8021528775247608,5.768023264227547,1.1997810673819318,-1.5703477146701077,6.173246,2.781036,-3.1713276,5.794300217403151,1.1997298804972831,-1.6862502960974344,5.820577170578755,1.1996786936126342,-1.8021528775247608,6.308550869120396,1.7688914156735702,-0.9321630172515202,4.433865047745511,0.5239482723357934,-1.2781997614328928,6.1802144,2.2132585,-2.8504734
10.437953082161156,9.600201245467405,5.034901029347099,9.304824692723274,5.345320961429428,1.5602518675674886,9.178270037241916,5.393075715063414,1.63321617562051,6.657605,5.6614404,3.2807148,9.241547364982594,5.369198338246421,1.5967340215939991,9.304824692723274,5.345320961429428,1.5602518675674886,9.640349270708782,6.779532640653415,2.7427896908450324,7.337222085933279,4.341613754012603,0.6867020264598711,6.780769,3.9969294,2.826599
9.702050399249178,10.267135520044189,8.75738206138173,11.91855573820039,8.713209540165995,5.430071949992177,11.83870462291204,8.511629847151745,5.506417026875759,9.684631,8.449596,5.8788095,11.878630180556216,8.61241969365887,5.468244488433968,11.91855573820039,8.713209540165995,5.430071949992177,11.153103586787202,9.16399163578731,6.564623679416556,9.1682575810038,7.0530675073591365,4.2580963422507825,8.134089,6.8381486,4.624653
10.14943726615547,10.46234476406985,10.629029492722829,11.2503487128397,11.004507605079729,8.570517793133146,11.270794880500048,10.90976896392798,8.17542344025353,8.257707,6.3821325,6.517558,11.260571796669876,10.957138284503856,8.372970616693337,11.2503487128397,11.004507605079729,8.570517793133146,10.89019361983174,10.792207111025853,9.1249902420365,8.66750867233055,8.763076989595817,6.794638783884103,8.617527,4.645782,6.826677
12.237863162876648,10.455091332241311,10.886561634947,14.217963266368384,10.963394102606898,11.129515064192388,14.229850068279148,10.986154821069295,10.667579565218006,11.210269,9.506824,7.823291,14.223906667323767,10.974774461838097,10.898547314705198,14.217963266368384,10.963394102606898,11.129515064192388,13.561892165841394,10.8015467519725,10.894552088119132,10.748906157982685,8.295426097870232,8.394338436491237,10.832362,9.373493,6.6140237
13.9447506122419,13.384497392321636,11.55266600432422,15.075792172711155,14.062025960771711,11.057023580620468,15.098105708317984,14.06853218504322,10.736770030345342,11.744545,12.071162,10.18225,15.08694894051457,14.065279072907463,10.896896805482903,15.075792172711155,14.062025960771711,11.057023580620468,14.70621616442368,13.83835184604552,11.11548653843001,11.565215596490194,10.239249386031918,7.956854915606708,11.744036,9.753738,8.568258
14.893295509519254,14.65984720949842,13.966083434921313,17.482262055736612,14.993084044733912,14.081195476355202,17.590362522262126,14.98279426090796,13.415671962173668,13.354705,10.9388895,11.891266,17.53631228899937,14.987939152820935,13.748433719264437,17.482262055736612,14.993084044733912,14.081195476355202,16.655306695839332,14.87857517171343,13.820983624483397,13.009973787450305,11.001603192959829,9.775285439591087,12.836483,10.148913,10.685112
21.41782294215448,16.77265109448504,16.385452497037466,23.24229195310858,17.641810249331257,15.507927845190055,23.360888555611304,17.67804122951006,14.753526658774748,14.861223,12.281307,12.432201,23.301590254359944,17.659925739420657,15.1307272519824,23.24229195310858,17.641810249331257,15.507927845190055,22.67366781695812,17.36416752444212,15.54896900033409,17.274145316838098,12.350867154653674,10.488461087313905,13.624163,11.758461,10.591129
23.865495400914966,22.794335937918568,18.04184034544538,26.177367768192532,24.230020962102756,18.185269238043297,26.134008863279732,24.13974274471797,17.65445900937325,15.491081,13.343664,15.331379,26.155688315736132,24.184881853410364,17.919864123708273,26.177367768192532,24.230020962102756,18.185269238043297,25.39229067746241,23.721366548246433,17.96052286428731,20.497395721878892,16.333189599394693,11.750686304903796,14.395638,9.600813,12.290742
17.214864332289025,23.452979703750454,22.28704817042483,18.451061163304384,26.168800975193143,24.084732478397893,18.37945748679244,26.02458857265148,23.419448478206867,12.713128,14.430157,15.187213,18.41525932504841,26.096694773922312,23.752090478302375,18.451061163304384,26.168800975193143,24.084732478397893,18.015127660795283,25.215456417198357,23.263743042343197,17.203879784220227,19.343392717292577,15.476115840586374,12.193605,11.027048,12.479396
20.469326097944187,17.408672444470742,23.881795275430537,18.62746095031961,18.87955550836146,26.47380218764231,18.4031395054708,18.64754319732952,25.693458229050037,13.284341,15.89127,15.798975,18.515300227895203,18.763549352845487,26.08363020834617,18.62746095031961,18.87955550836146,26.47380218764231,19.1666421845782,18.311923716720575,25.34968523070763,19.557062650231785,16.26756840997786,18.292135828779433,13.257053,13.803473,13.126562
20.64825767584346,18.26977176177622,17.052231211062093,21.16288141129297,17.669929538671514,18.822928786330227,20.615413873842453,17.07405586546936,18.62937616306655,16.89949,14.066141,17.792572,20.88914764256771,17.371992702070436,18.726152474698388,21.16288141129297,17.669929538671514,18.822928786330227,20.80885098699296,17.671252388639033,18.168178720152955,21.270470255127996,18.465212871349525,15.414727763500116,16.505173,12.907056,16.480555
41.22753606948597,20.70013246162357,17.95964426825276,44.243353183144656,24.287248512796673,18.605590792207504,43.58198929668632,22.812696678606752,17.245572240968215,29.090994,28.137573,31.50106,43.91267123991548,23.54997259570171,17.92558151658786,44.243353183144656,24.287248512796673,18.605590792207504,43.01762618310565,22.600025884342333,17.936935767142828,35.59266086446889,20.065369317904985,17.47060588460381,26.756248,16.846817,22.564888
34.59819122657547,41.3859640060113,20.010514989360512,37.44119078519353,46.2295658175276,23.47179297458904,36.69908365629019,44.611732072109945,20.956756702830493,31.108397,31.610868,26.798923,37.070137220741856,45.42064894481877,22.21427483870977,37.44119078519353,46.2295658175276,23.47179297458904,36.24615522268639,44.07575396521628,21.479688222260013,32.69314085585738,33.44090562744596,18.967538935713957,29.946928,25.112467,22.695953
39.92259064136657,36.665961037503976,41.913927790047055,42.10932564282318,41.406631572885985,46.48004198168772,41.13036154557896,39.54472779345911,43.43376871702539,32.663776,32.955437,33.49873,41.61984359420107,40.475679683172544,44.95690534935655,42.10932564282318,41.406631572885985,46.48004198168772,41.0540926099229,39.20577346794969,43.94257949625339,35.51501951374792,30.733035287406647,31.48024194120834,32.37091,27.868141,30.708048
39.96733338806488,43.14805410468704,39.26765417859778,42.30767588711757,45.83968879751658,43.038522636867306,41.50784983000821,43.77832669783305,39.865591549631446,33.6821,32.905354,34.049847,41.90776285856289,44.80900774767481,41.45205709324938,42.30767588711757,45.83968879751658,43.038522636867306,41.26095303506355,44.255356533345555,40.723922788365506,35.39461087290966,33.36839613961574,28.947051752929315,33.39561,29.306906,32.07151
36.65801117872286,40.37630683686984,42.92436293773673,40.85701827866372,44.66769186967099,46.26065307734604,40.091470772417274,43.2045170371773,42.93920785535578,33.628586,33.63092,34.934418,40.4742445255405,43.93610445342414,44.59993046635091,40.85701827866372,44.66769186967099,46.26065307734604,39.20216674326795,42.74950524790605,44.041407956812854,33.73095278739134,33.25594615263788,31.412409918229727,33.472527,29.908594,31.82179
41.34866085276826,40.73769530032745,43.09695541311919,40.687249423089256,45.2148327605662,44.30181920923487,40.04595614991161,43.762938676184625,41.65910087504778,33.214905,34.089565,34.45773,40.36660278650044,44.488885718375414,42.98046004214133,40.687249423089256,45.2148327605662,44.30181920923487,40.69395547525638,43.23848891235943,43.01929183246728,33.95300426021805,31.702250929855495,31.30721389038732,31.361765,27.997944,32.195183
47.33091160844603,43.74920535693112,41.38684603504758,52.67877343211431,51.89612685881071,50.8156310533832,51.86386509938903,50.90389778984926,47.785596006073305,34.78573,34.602245,36.391434,52.27131926575167,51.400012324329985,49.30061352972825,52.67877343211431,51.89612685881071,50.8156310533832,50.62451671331646,48.849743335197026,46.66269103150137,41.87466359060448,31.909625459240942,29.85374492781092,33.68125,30.671486,34.017826
46.1837458965684,50.66641551802304,47.234670339717574,48.17896479470358,57.42302096773825,55.96876366761915,47.37573761960483,56.30797219433589,54.122486160707936,36.40165,35.966335,38.440952,47.77735120715421,56.86549658103707,55.04562491416354,48.17896479470358,57.42302096773825,55.96876366761915,47.24614943695894,54.79913622669906,52.44197338934822,41.22423829723071,39.307686614515134,30.04774207581712,34.98369,32.71364,32.185894
42.85405853064786,49.48325248955764,55.3339287164165,40.380688552886895,48.51078773381987,57.538190026848575,39.927087332414,47.45561345818422,55.65065151734593,30.235687,29.066446,40.099148,40.15388794265044,47.98320059600204,56.59442077209725,40.380688552886895,48.51078773381987,57.538190026848575,41.053944805316256,48.48321789385391,56.174256753537,37.98046917080021,38.70025250297003,36.96856677474147,31.032995,22.952312,35.35336
